id,email,created_at,updated_at
1,user1@example.com,2025-05-11T15:46:46,2025-05-11T15:46:46
2,user2@example.com,2024-03-27T11:21:41,2024-03-27T11:21:41
3,user3@example.com,2024-01-20T10:14:03,2024-01-20T10:14:03
4,user4@example.com,2024-08-01T14:55:05,2024-08-01T14:55:05
5,user5@example.com,2024-07-09T05:06:54,2024-07-09T05:06:54
6,user6@example.com,2024-06-22T08:56:59,2024-06-22T08:56:59
7,user7@example.com,2024-04-18T09:10:31,2024-04-18T09:10:31
8,user8@example.com,2024-03-20T14:38:54,2024-03-20T14:38:54
9,user9@example.com,2025-02-27T14:22:08,2025-02-27T14:22:08
10,user10@example.com,2024-03-08T12:39:26,2024-03-08T12:39:26
11,user11@example.com,2025-04-03T15:34:41,2025-04-03T15:34:41
12,user12@example.com,2024-11-23T17:11:34,2024-11-23T17:11:34
13,user13@example.com,2024-01-25T16:28:19,2024-01-25T16:28:19
14,user14@example.com,2024-01-24T03:27:37,2024-01-24T03:27:37
15,user15@example.com,2024-03-13T18:36:21,2024-03-13T18:36:21
16,user16@example.com,2024-06-18T19:42:26,2024-06-18T19:42:26
17,user17@example.com,2024-06-29T17:06:48,2024-06-29T17:06:48
18,user18@example.com,2025-01-27T12:30:19,2025-01-27T12:30:19
19,user19@example.com,2025-04-12T14:26:33,2025-04-12T14:26:33
20,user20@example.com,2024-01-21T14:39:58,2024-01-21T14:39:58
21,user21@example.com,2025-03-11T22:21:58,2025-03-11T22:21:58
22,user22@example.com,2024-06-03T10:36:08,2024-06-03T10:36:08
23,user23@example.com,2025-05-19T18:43:26,2025-05-19T18:43:26
24,user24@example.com,2025-02-27T06:26:43,2025-02-27T06:26:43
25,user25@example.com,2024-11-21T20:24:58,2024-11-21T20:24:58
26,user26@example.com,2024-06-20T05:18:39,2024-06-20T05:18:39
27,user27@example.com,2024-12-14T21:51:48,2024-12-14T21:51:48
28,user28@example.com,2025-04-02T16:42:30,2025-04-02T16:42:30
29,user29@example.com,2024-08-04T01:51:02,2024-08-04T01:51:02
30,user30@example.com,2024-01-06T01:08:44,2024-01-06T01:08:44
31,user31@example.com,2024-05-04T00:15:55,2024-05-04T00:15:55
32,user32@example.com,2024-11-24T06:06:12,2024-11-24T06:06:12
33,user33@example.com,2024-09-21T06:43:45,2024-09-21T06:43:45
34,user34@example.com,2024-08-03T19:53:50,2024-08-03T19:53:50
35,user35@example.com,2024-04-30T18:20:52,2024-04-30T18:20:52
36,user36@example.com,2024-06-16T05:44:21,2024-06-16T05:44:21
37,user37@example.com,2024-09-18T10:34:37,2024-09-18T10:34:37
38,user38@example.com,2024-03-20T09:20:15,2024-03-20T09:20:15
39,user39@example.com,2024-03-13T00:54:28,2024-03-13T00:54:28
40,user40@example.com,2024-10-22T02:21:29,2024-10-22T02:21:29
41,user41@example.com,2024-03-16T02:55:26,2024-03-16T02:55:26
42,user42@example.com,2024-10-05T19:51:38,2024-10-05T19:51:38
43,user43@example.com,2024-09-24T03:47:57,2024-09-24T03:47:57
44,user44@example.com,2025-04-13T22:16:08,2025-04-13T22:16:08
45,user45@example.com,2024-07-24T11:01:34,2024-07-24T11:01:34
46,user46@example.com,2024-02-03T17:58:29,2024-02-03T17:58:29
47,user47@example.com,2024-12-22T20:18:01,2024-12-22T20:18:01
48,user48@example.com,2025-02-20T12:00:58,2025-02-20T12:00:58
49,user49@example.com,2024-04-06T22:55:41,2024-04-06T22:55:41
50,user50@example.com,2024-10-21T00:23:32,2024-10-21T00:23:32
51,user51@example.com,2024-03-02T04:56:31,2024-03-02T04:56:31
52,user52@example.com,2025-03-04T18:46:59,2025-03-04T18:46:59
53,user53@example.com,2024-08-15T17:14:21,2024-08-15T17:14:21
54,user54@example.com,2025-05-03T06:41:42,2025-05-03T06:41:42
55,user55@example.com,2025-04-25T10:02:37,2025-04-25T10:02:37
56,user56@example.com,2024-10-07T21:21:55,2024-10-07T21:21:55
57,user57@example.com,2025-03-24T10:37:26,2025-03-24T10:37:26
58,user58@example.com,2024-05-29T08:31:08,2024-05-29T08:31:08
59,user59@example.com,2024-02-24T00:36:07,2024-02-24T00:36:07
60,user60@example.com,2024-02-05T14:13:42,2024-02-05T14:13:42
61,user61@example.com,2025-05-28T14:50:30,2025-05-28T14:50:30
62,user62@example.com,2024-06-26T00:19:54,2024-06-26T00:19:54
63,user63@example.com,2024-08-12T18:34:57,2024-08-12T18:34:57
64,user64@example.com,2024-03-02T23:25:48,2024-03-02T23:25:48
65,user65@example.com,2024-06-29T19:32:11,2024-06-29T19:32:11
66,user66@example.com,2024-03-19T10:48:11,2024-03-19T10:48:11
67,user67@example.com,2024-10-22T06:03:59,2024-10-22T06:03:59
68,user68@example.com,2024-08-03T21:48:12,2024-08-03T21:48:12
69,user69@example.com,2024-12-18T04:10:50,2024-12-18T04:10:50
70,user70@example.com,2025-05-08T18:01:00,2025-05-08T18:01:00
71,user71@example.com,2024-10-10T08:57:53,2024-10-10T08:57:53
72,user72@example.com,2024-05-06T08:05:31,2024-05-06T08:05:31
73,user73@example.com,2024-10-14T12:40:24,2024-10-14T12:40:24
74,user74@example.com,2024-10-02T22:43:33,2024-10-02T22:43:33
75,user75@example.com,2024-06-11T17:29:38,2024-06-11T17:29:38
76,user76@example.com,2024-07-26T08:49:38,2024-07-26T08:49:38
77,user77@example.com,2025-05-18T08:15:18,2025-05-18T08:15:18
78,user78@example.com,2024-02-25T11:02:21,2024-02-25T11:02:21
79,user79@example.com,2025-04-18T03:01:29,2025-04-18T03:01:29
80,user80@example.com,2025-05-08T04:51:11,2025-05-08T04:51:11
81,user81@example.com,2024-05-12T22:15:20,2024-05-12T22:15:20
82,user82@example.com,2025-02-18T21:05:20,2025-02-18T21:05:20
83,user83@example.com,2024-07-09T03:36:23,2024-07-09T03:36:23
84,user84@example.com,2024-05-06T22:02:35,2024-05-06T22:02:35
85,user85@example.com,2024-12-25T01:09:17,2024-12-25T01:09:17
86,user86@example.com,2024-10-21T17:33:43,2024-10-21T17:33:43
87,user87@example.com,2024-07-28T16:11:31,2024-07-28T16:11:31
88,user88@example.com,2025-05-12T02:27:36,2025-05-12T02:27:36
89,user89@example.com,2025-03-08T14:17:44,2025-03-08T14:17:44
90,user90@example.com,2024-06-19T13:55:24,2024-06-19T13:55:24
91,user91@example.com,2024-09-08T21:04:05,2024-09-08T21:04:05
92,user92@example.com,2024-02-13T10:45:32,2024-02-13T10:45:32
93,user93@example.com,2024-06-26T21:45:55,2024-06-26T21:45:55
94,user94@example.com,2024-01-25T22:23:30,2024-01-25T22:23:30
95,user95@example.com,2024-09-02T00:28:15,2024-09-02T00:28:15
96,user96@example.com,2024-11-07T14:15:13,2024-11-07T14:15:13
97,user97@example.com,2024-07-26T23:03:06,2024-07-26T23:03:06
98,user98@example.com,2024-02-21T09:50:42,2024-02-21T09:50:42
99,user99@example.com,2024-06-12T21:00:18,2024-06-12T21:00:18
100,user100@example.com,2025-03-16T13:00:08,2025-03-16T13:00:08
101,user101@example.com,2024-09-01T10:01:15,2024-09-01T10:01:15
102,user102@example.com,2024-06-14T03:38:45,2024-06-14T03:38:45
103,user103@example.com,2025-05-24T02:15:44,2025-05-24T02:15:44
104,user104@example.com,2025-01-22T18:20:42,2025-01-22T18:20:42
105,user105@example.com,2024-11-03T07:06:47,2024-11-03T07:06:47
106,user106@example.com,2025-05-14T07:37:38,2025-05-14T07:37:38
107,user107@example.com,2024-12-22T09:37:06,2024-12-22T09:37:06
108,user108@example.com,2024-04-20T23:19:10,2024-04-20T23:19:10
109,user109@example.com,2024-07-24T17:43:27,2024-07-24T17:43:27
110,user110@example.com,2024-04-18T10:53:52,2024-04-18T10:53:52
111,user111@example.com,2024-07-10T13:28:11,2024-07-10T13:28:11
112,user112@example.com,2025-03-12T00:39:37,2025-03-12T00:39:37
113,user113@example.com,2025-02-22T15:15:53,2025-02-22T15:15:53
114,user114@example.com,2024-07-23T01:51:30,2024-07-23T01:51:30
115,user115@example.com,2025-03-30T01:28:21,2025-03-30T01:28:21
116,user116@example.com,2024-11-28T18:35:07,2024-11-28T18:35:07
117,user117@example.com,2025-03-29T05:50:31,2025-03-29T05:50:31
118,user118@example.com,2024-11-06T05:21:54,2024-11-06T05:21:54
119,user119@example.com,2024-10-08T04:06:10,2024-10-08T04:06:10
120,user120@example.com,2024-06-19T08:26:06,2024-06-19T08:26:06
121,user121@example.com,2024-04-17T10:41:26,2024-04-17T10:41:26
122,user122@example.com,2025-01-30T18:15:30,2025-01-30T18:15:30
123,user123@example.com,2025-01-18T07:48:07,2025-01-18T07:48:07
124,user124@example.com,2024-03-11T14:40:27,2024-03-11T14:40:27
125,user125@example.com,2024-02-06T14:18:46,2024-02-06T14:18:46
126,user126@example.com,2024-03-26T04:00:28,2024-03-26T04:00:28
127,user127@example.com,2024-04-28T17:10:07,2024-04-28T17:10:07
128,user128@example.com,2025-05-02T08:26:31,2025-05-02T08:26:31
129,user129@example.com,2024-05-04T06:16:50,2024-05-04T06:16:50
130,user130@example.com,2024-11-23T21:37:55,2024-11-23T21:37:55
131,user131@example.com,2025-04-08T05:52:12,2025-04-08T05:52:12
132,user132@example.com,2024-02-19T08:14:32,2024-02-19T08:14:32
133,user133@example.com,2024-10-25T20:34:57,2024-10-25T20:34:57
134,user134@example.com,2024-10-23T09:53:56,2024-10-23T09:53:56
135,user135@example.com,2025-04-07T20:09:55,2025-04-07T20:09:55
136,user136@example.com,2024-12-29T13:04:56,2024-12-29T13:04:56
137,user137@example.com,2025-02-14T23:24:22,2025-02-14T23:24:22
138,user138@example.com,2024-07-14T06:41:55,2024-07-14T06:41:55
139,user139@example.com,2025-03-05T16:52:41,2025-03-05T16:52:41
140,user140@example.com,2024-01-09T22:01:18,2024-01-09T22:01:18
141,user141@example.com,2024-03-29T23:23:57,2024-03-29T23:23:57
142,user142@example.com,2025-02-21T01:51:08,2025-02-21T01:51:08
143,user143@example.com,2024-07-26T05:58:55,2024-07-26T05:58:55
144,user144@example.com,2025-05-12T20:23:38,2025-05-12T20:23:38
145,user145@example.com,2024-09-21T05:19:49,2024-09-21T05:19:49
146,user146@example.com,2024-03-27T15:28:59,2024-03-27T15:28:59
147,user147@example.com,2024-08-15T23:14:20,2024-08-15T23:14:20
148,user148@example.com,2024-12-03T16:36:42,2024-12-03T16:36:42
149,user149@example.com,2024-05-02T20:16:27,2024-05-02T20:16:27
150,user150@example.com,2024-12-18T10:01:22,2024-12-18T10:01:22
151,user151@example.com,2024-01-03T12:29:49,2024-01-03T12:29:49
152,user152@example.com,2024-07-23T13:55:39,2024-07-23T13:55:39
153,user153@example.com,2025-01-23T19:36:05,2025-01-23T19:36:05
154,user154@example.com,2024-05-18T18:18:44,2024-05-18T18:18:44
155,user155@example.com,2025-01-29T07:52:20,2025-01-29T07:52:20
156,user156@example.com,2024-03-23T15:38:29,2024-03-23T15:38:29
157,user157@example.com,2025-04-30T16:26:25,2025-04-30T16:26:25
158,user158@example.com,2024-08-19T19:24:50,2024-08-19T19:24:50
159,user159@example.com,2025-05-11T06:52:54,2025-05-11T06:52:54
160,user160@example.com,2025-01-29T07:31:19,2025-01-29T07:31:19
161,user161@example.com,2025-04-18T00:01:39,2025-04-18T00:01:39
162,user162@example.com,2024-06-03T11:58:18,2024-06-03T11:58:18
163,user163@example.com,2024-04-28T17:07:49,2024-04-28T17:07:49
164,user164@example.com,2024-10-17T10:15:33,2024-10-17T10:15:33
165,user165@example.com,2024-05-05T11:29:32,2024-05-05T11:29:32
166,user166@example.com,2025-02-22T22:45:13,2025-02-22T22:45:13
167,user167@example.com,2025-02-15T22:30:32,2025-02-15T22:30:32
168,user168@example.com,2024-01-01T10:39:39,2024-01-01T10:39:39
169,user169@example.com,2025-04-10T05:08:10,2025-04-10T05:08:10
170,user170@example.com,2024-09-08T18:42:24,2024-09-08T18:42:24
171,user171@example.com,2025-01-14T12:16:14,2025-01-14T12:16:14
172,user172@example.com,2024-01-16T03:04:22,2024-01-16T03:04:22
173,user173@example.com,2024-03-27T21:21:55,2024-03-27T21:21:55
174,user174@example.com,2024-10-08T22:27:06,2024-10-08T22:27:06
175,user175@example.com,2024-08-26T20:28:43,2024-08-26T20:28:43
176,user176@example.com,2024-07-04T23:42:52,2024-07-04T23:42:52
177,user177@example.com,2024-02-14T23:48:12,2024-02-14T23:48:12
178,user178@example.com,2024-07-06T02:10:18,2024-07-06T02:10:18
179,user179@example.com,2025-03-16T16:17:59,2025-03-16T16:17:59
180,user180@example.com,2024-03-02T04:08:16,2024-03-02T04:08:16
181,user181@example.com,2024-03-07T12:41:45,2024-03-07T12:41:45
182,user182@example.com,2025-01-12T11:31:07,2025-01-12T11:31:07
183,user183@example.com,2024-02-23T18:12:53,2024-02-23T18:12:53
184,user184@example.com,2025-02-17T18:21:45,2025-02-17T18:21:45
185,user185@example.com,2024-04-07T16:20:45,2024-04-07T16:20:45
186,user186@example.com,2024-04-09T17:23:25,2024-04-09T17:23:25
187,user187@example.com,2025-05-27T10:38:48,2025-05-27T10:38:48
188,user188@example.com,2025-01-04T03:54:20,2025-01-04T03:54:20
189,user189@example.com,2025-03-03T01:04:54,2025-03-03T01:04:54
190,user190@example.com,2024-05-08T06:11:22,2024-05-08T06:11:22
191,user191@example.com,2024-07-24T21:00:49,2024-07-24T21:00:49
192,user192@example.com,2025-02-13T20:33:08,2025-02-13T20:33:08
193,user193@example.com,2025-04-16T03:43:48,2025-04-16T03:43:48
194,user194@example.com,2024-11-24T15:51:46,2024-11-24T15:51:46
195,user195@example.com,2024-06-13T12:12:16,2024-06-13T12:12:16
196,user196@example.com,2025-02-22T21:12:27,2025-02-22T21:12:27
197,user197@example.com,2024-06-05T05:43:39,2024-06-05T05:43:39
198,user198@example.com,2024-08-30T02:48:46,2024-08-30T02:48:46
199,user199@example.com,2024-11-05T21:45:19,2024-11-05T21:45:19
200,user200@example.com,2025-05-19T18:36:18,2025-05-19T18:36:18
201,user201@example.com,2024-10-17T01:03:45,2024-10-17T01:03:45
202,user202@example.com,2024-12-06T06:46:38,2024-12-06T06:46:38
203,user203@example.com,2025-02-06T00:18:46,2025-02-06T00:18:46
204,user204@example.com,2024-12-16T16:18:42,2024-12-16T16:18:42
205,user205@example.com,2024-04-03T23:40:54,2024-04-03T23:40:54
206,user206@example.com,2024-07-11T13:17:44,2024-07-11T13:17:44
207,user207@example.com,2024-06-23T12:39:43,2024-06-23T12:39:43
208,user208@example.com,2024-02-19T17:31:45,2024-02-19T17:31:45
209,user209@example.com,2024-09-19T14:22:18,2024-09-19T14:22:18
210,user210@example.com,2024-01-17T08:06:25,2024-01-17T08:06:25
211,user211@example.com,2025-04-01T22:52:09,2025-04-01T22:52:09
212,user212@example.com,2025-03-06T05:50:44,2025-03-06T05:50:44
213,user213@example.com,2024-06-27T17:38:58,2024-06-27T17:38:58
214,user214@example.com,2025-04-02T01:19:07,2025-04-02T01:19:07
215,user215@example.com,2024-06-20T01:08:58,2024-06-20T01:08:58
216,user216@example.com,2024-01-06T14:02:49,2024-01-06T14:02:49
217,user217@example.com,2024-02-25T03:24:25,2024-02-25T03:24:25
218,user218@example.com,2025-05-05T04:36:42,2025-05-05T04:36:42
219,user219@example.com,2024-02-15T17:29:11,2024-02-15T17:29:11
220,user220@example.com,2024-06-26T19:47:03,2024-06-26T19:47:03
221,user221@example.com,2024-02-22T08:25:59,2024-02-22T08:25:59
222,user222@example.com,2024-01-25T09:34:47,2024-01-25T09:34:47
223,user223@example.com,2024-09-13T15:38:00,2024-09-13T15:38:00
224,user224@example.com,2024-02-25T00:52:36,2024-02-25T00:52:36
225,user225@example.com,2025-02-03T08:33:53,2025-02-03T08:33:53
226,user226@example.com,2024-07-03T20:43:40,2024-07-03T20:43:40
227,user227@example.com,2024-08-04T07:11:32,2024-08-04T07:11:32
228,user228@example.com,2025-01-12T00:46:55,2025-01-12T00:46:55
229,user229@example.com,2024-06-15T09:39:48,2024-06-15T09:39:48
230,user230@example.com,2025-02-22T20:02:56,2025-02-22T20:02:56
231,user231@example.com,2024-04-12T18:28:17,2024-04-12T18:28:17
232,user232@example.com,2025-03-19T13:00:53,2025-03-19T13:00:53
233,user233@example.com,2025-03-23T13:21:49,2025-03-23T13:21:49
234,user234@example.com,2025-01-02T03:13:35,2025-01-02T03:13:35
235,user235@example.com,2024-07-07T17:47:48,2024-07-07T17:47:48
236,user236@example.com,2025-01-02T08:51:16,2025-01-02T08:51:16
237,user237@example.com,2024-11-12T04:08:51,2024-11-12T04:08:51
238,user238@example.com,2024-05-27T21:29:53,2024-05-27T21:29:53
239,user239@example.com,2024-03-14T06:21:37,2024-03-14T06:21:37
240,user240@example.com,2024-03-16T06:55:16,2024-03-16T06:55:16
241,user241@example.com,2025-05-26T20:19:43,2025-05-26T20:19:43
242,user242@example.com,2024-11-30T19:22:35,2024-11-30T19:22:35
243,user243@example.com,2024-10-02T04:35:07,2024-10-02T04:35:07
244,user244@example.com,2024-11-25T00:04:40,2024-11-25T00:04:40
245,user245@example.com,2024-11-15T07:30:06,2024-11-15T07:30:06
246,user246@example.com,2024-12-28T17:58:14,2024-12-28T17:58:14
247,user247@example.com,2024-02-12T01:49:26,2024-02-12T01:49:26
248,user248@example.com,2025-05-22T13:17:35,2025-05-22T13:17:35
249,user249@example.com,2025-05-16T21:39:49,2025-05-16T21:39:49
250,user250@example.com,2024-03-17T10:38:31,2024-03-17T10:38:31
251,user251@example.com,2024-02-17T01:54:07,2024-02-17T01:54:07
252,user252@example.com,2024-11-08T17:24:16,2024-11-08T17:24:16
253,user253@example.com,2024-09-20T13:03:32,2024-09-20T13:03:32
254,user254@example.com,2024-03-25T20:55:20,2024-03-25T20:55:20
255,user255@example.com,2024-07-12T03:17:24,2024-07-12T03:17:24
256,user256@example.com,2024-05-28T19:29:52,2024-05-28T19:29:52
257,user257@example.com,2024-05-27T17:45:03,2024-05-27T17:45:03
258,user258@example.com,2025-02-20T13:05:27,2025-02-20T13:05:27
259,user259@example.com,2024-12-14T10:45:45,2024-12-14T10:45:45
260,user260@example.com,2024-04-18T21:11:14,2024-04-18T21:11:14
261,user261@example.com,2024-11-23T16:26:37,2024-11-23T16:26:37
262,user262@example.com,2024-05-22T12:27:53,2024-05-22T12:27:53
263,user263@example.com,2024-08-04T08:27:28,2024-08-04T08:27:28
264,user264@example.com,2024-12-25T08:00:44,2024-12-25T08:00:44
265,user265@example.com,2024-07-13T00:43:46,2024-07-13T00:43:46
266,user266@example.com,2024-02-28T13:16:34,2024-02-28T13:16:34
267,user267@example.com,2024-12-10T04:33:20,2024-12-10T04:33:20
268,user268@example.com,2025-03-03T10:48:26,2025-03-03T10:48:26
269,user269@example.com,2024-03-17T01:09:03,2024-03-17T01:09:03
270,user270@example.com,2024-02-09T07:02:05,2024-02-09T07:02:05
271,user271@example.com,2025-05-21T12:51:42,2025-05-21T12:51:42
272,user272@example.com,2025-02-23T21:17:22,2025-02-23T21:17:22
273,user273@example.com,2024-01-12T11:06:22,2024-01-12T11:06:22
274,user274@example.com,2024-03-13T10:32:38,2024-03-13T10:32:38
275,user275@example.com,2024-07-02T14:25:59,2024-07-02T14:25:59
276,user276@example.com,2024-05-09T04:15:49,2024-05-09T04:15:49
277,user277@example.com,2024-11-11T16:06:25,2024-11-11T16:06:25
278,user278@example.com,2025-01-12T05:00:24,2025-01-12T05:00:24
279,user279@example.com,2025-01-08T21:10:16,2025-01-08T21:10:16
280,user280@example.com,2024-06-15T00:32:18,2024-06-15T00:32:18
281,user281@example.com,2024-11-07T11:55:58,2024-11-07T11:55:58
282,user282@example.com,2024-02-15T13:02:35,2024-02-15T13:02:35
283,user283@example.com,2024-05-07T21:03:30,2024-05-07T21:03:30
284,user284@example.com,2024-10-21T08:34:15,2024-10-21T08:34:15
285,user285@example.com,2024-01-02T16:10:44,2024-01-02T16:10:44
286,user286@example.com,2024-10-30T05:59:20,2024-10-30T05:59:20
287,user287@example.com,2024-07-24T23:44:35,2024-07-24T23:44:35
288,user288@example.com,2024-12-19T09:58:14,2024-12-19T09:58:14
289,user289@example.com,2024-08-09T13:25:51,2024-08-09T13:25:51
290,user290@example.com,2024-11-24T13:25:51,2024-11-24T13:25:51
291,user291@example.com,2025-03-07T16:16:20,2025-03-07T16:16:20
292,user292@example.com,2025-05-29T02:10:31,2025-05-29T02:10:31
293,user293@example.com,2025-01-13T00:12:45,2025-01-13T00:12:45
294,user294@example.com,2024-04-30T05:37:19,2024-04-30T05:37:19
295,user295@example.com,2024-05-27T11:57:10,2024-05-27T11:57:10
296,user296@example.com,2024-08-18T11:02:05,2024-08-18T11:02:05
297,user297@example.com,2024-06-18T02:14:19,2024-06-18T02:14:19
298,user298@example.com,2024-02-15T10:12:27,2024-02-15T10:12:27
299,user299@example.com,2025-03-25T20:42:11,2025-03-25T20:42:11
300,user300@example.com,2025-02-25T03:15:04,2025-02-25T03:15:04
301,user301@example.com,2024-02-17T08:19:53,2024-02-17T08:19:53
302,user302@example.com,2024-08-31T14:01:02,2024-08-31T14:01:02
303,user303@example.com,2024-02-14T09:38:16,2024-02-14T09:38:16
304,user304@example.com,2024-02-08T22:43:15,2024-02-08T22:43:15
305,user305@example.com,2025-03-29T17:51:34,2025-03-29T17:51:34
306,user306@example.com,2025-01-05T07:58:55,2025-01-05T07:58:55
307,user307@example.com,2025-01-25T13:48:37,2025-01-25T13:48:37
308,user308@example.com,2025-02-16T12:54:31,2025-02-16T12:54:31
309,user309@example.com,2024-05-02T06:45:31,2024-05-02T06:45:31
310,user310@example.com,2024-02-14T04:18:43,2024-02-14T04:18:43
311,user311@example.com,2025-01-29T10:36:33,2025-01-29T10:36:33
312,user312@example.com,2024-03-03T05:23:09,2024-03-03T05:23:09
313,user313@example.com,2024-05-24T08:01:42,2024-05-24T08:01:42
314,user314@example.com,2024-02-23T05:19:48,2024-02-23T05:19:48
315,user315@example.com,2025-04-07T04:15:30,2025-04-07T04:15:30
316,user316@example.com,2024-02-22T18:52:56,2024-02-22T18:52:56
317,user317@example.com,2024-07-01T16:31:06,2024-07-01T16:31:06
318,user318@example.com,2024-11-09T14:55:18,2024-11-09T14:55:18
319,user319@example.com,2024-04-03T02:50:54,2024-04-03T02:50:54
320,user320@example.com,2025-03-18T11:31:09,2025-03-18T11:31:09
321,user321@example.com,2024-07-10T05:47:12,2024-07-10T05:47:12
322,user322@example.com,2025-03-25T15:50:00,2025-03-25T15:50:00
323,user323@example.com,2025-04-06T18:38:25,2025-04-06T18:38:25
324,user324@example.com,2024-01-31T20:50:17,2024-01-31T20:50:17
325,user325@example.com,2025-04-26T02:06:29,2025-04-26T02:06:29
326,user326@example.com,2024-03-04T16:16:53,2024-03-04T16:16:53
327,user327@example.com,2024-11-21T14:55:07,2024-11-21T14:55:07
328,user328@example.com,2025-05-25T14:19:26,2025-05-25T14:19:26
329,user329@example.com,2025-03-29T08:26:24,2025-03-29T08:26:24
330,user330@example.com,2025-03-15T00:35:36,2025-03-15T00:35:36
331,user331@example.com,2025-02-10T01:22:34,2025-02-10T01:22:34
332,user332@example.com,2024-09-02T17:33:40,2024-09-02T17:33:40
333,user333@example.com,2024-07-21T13:01:29,2024-07-21T13:01:29
334,user334@example.com,2024-06-07T15:40:02,2024-06-07T15:40:02
335,user335@example.com,2024-09-01T00:48:42,2024-09-01T00:48:42
336,user336@example.com,2024-07-04T09:25:43,2024-07-04T09:25:43
337,user337@example.com,2024-07-25T07:24:48,2024-07-25T07:24:48
338,user338@example.com,2024-11-03T09:58:58,2024-11-03T09:58:58
339,user339@example.com,2024-04-11T15:44:52,2024-04-11T15:44:52
340,user340@example.com,2025-05-16T09:00:24,2025-05-16T09:00:24
341,user341@example.com,2024-08-21T00:21:03,2024-08-21T00:21:03
342,user342@example.com,2024-12-21T03:17:01,2024-12-21T03:17:01
343,user343@example.com,2024-09-02T13:58:12,2024-09-02T13:58:12
344,user344@example.com,2024-02-26T08:18:06,2024-02-26T08:18:06
345,user345@example.com,2024-01-08T05:39:09,2024-01-08T05:39:09
346,user346@example.com,2024-12-21T23:03:40,2024-12-21T23:03:40
347,user347@example.com,2025-04-27T11:14:51,2025-04-27T11:14:51
348,user348@example.com,2025-03-13T06:57:43,2025-03-13T06:57:43
349,user349@example.com,2024-03-18T15:47:08,2024-03-18T15:47:08
350,user350@example.com,2024-02-26T21:40:43,2024-02-26T21:40:43
351,user351@example.com,2025-02-21T14:13:54,2025-02-21T14:13:54
352,user352@example.com,2024-06-14T13:29:03,2024-06-14T13:29:03
353,user353@example.com,2025-01-27T22:22:27,2025-01-27T22:22:27
354,user354@example.com,2024-07-24T23:41:38,2024-07-24T23:41:38
355,user355@example.com,2024-04-12T21:10:09,2024-04-12T21:10:09
356,user356@example.com,2024-09-28T01:59:46,2024-09-28T01:59:46
357,user357@example.com,2024-02-23T10:21:46,2024-02-23T10:21:46
358,user358@example.com,2024-07-08T17:47:29,2024-07-08T17:47:29
359,user359@example.com,2024-10-14T00:29:03,2024-10-14T00:29:03
360,user360@example.com,2024-08-09T08:33:00,2024-08-09T08:33:00
361,user361@example.com,2024-05-02T12:36:50,2024-05-02T12:36:50
362,user362@example.com,2024-12-06T08:21:08,2024-12-06T08:21:08
363,user363@example.com,2025-02-25T22:19:00,2025-02-25T22:19:00
364,user364@example.com,2024-08-22T23:19:41,2024-08-22T23:19:41
365,user365@example.com,2025-04-20T02:29:59,2025-04-20T02:29:59
366,user366@example.com,2025-05-22T23:00:07,2025-05-22T23:00:07
367,user367@example.com,2025-02-14T20:10:09,2025-02-14T20:10:09
368,user368@example.com,2024-01-07T01:49:59,2024-01-07T01:49:59
369,user369@example.com,2025-03-06T18:32:09,2025-03-06T18:32:09
370,user370@example.com,2024-08-20T12:49:27,2024-08-20T12:49:27
371,user371@example.com,2025-05-30T06:27:43,2025-05-30T06:27:43
372,user372@example.com,2024-03-21T10:59:32,2024-03-21T10:59:32
373,user373@example.com,2024-04-14T07:22:04,2024-04-14T07:22:04
374,user374@example.com,2024-07-24T10:00:07,2024-07-24T10:00:07
375,user375@example.com,2024-03-30T15:44:46,2024-03-30T15:44:46
376,user376@example.com,2024-03-24T03:17:42,2024-03-24T03:17:42
377,user377@example.com,2025-03-05T16:50:10,2025-03-05T16:50:10
378,user378@example.com,2024-04-30T17:45:32,2024-04-30T17:45:32
379,user379@example.com,2024-07-30T12:56:19,2024-07-30T12:56:19
380,user380@example.com,2024-08-06T20:19:03,2024-08-06T20:19:03
381,user381@example.com,2025-04-14T18:50:42,2025-04-14T18:50:42
382,user382@example.com,2024-06-12T14:25:16,2024-06-12T14:25:16
383,user383@example.com,2024-09-23T07:45:06,2024-09-23T07:45:06
384,user384@example.com,2024-06-07T03:19:44,2024-06-07T03:19:44
385,user385@example.com,2025-05-07T15:03:08,2025-05-07T15:03:08
386,user386@example.com,2024-07-24T01:00:59,2024-07-24T01:00:59
387,user387@example.com,2025-01-27T13:30:27,2025-01-27T13:30:27
388,user388@example.com,2025-01-14T10:53:37,2025-01-14T10:53:37
389,user389@example.com,2024-07-14T01:14:21,2024-07-14T01:14:21
390,user390@example.com,2024-02-09T10:57:36,2024-02-09T10:57:36
391,user391@example.com,2024-03-12T16:34:05,2024-03-12T16:34:05
392,user392@example.com,2025-05-07T15:55:08,2025-05-07T15:55:08
393,user393@example.com,2024-11-25T00:01:28,2024-11-25T00:01:28
394,user394@example.com,2024-08-02T21:41:35,2024-08-02T21:41:35
395,user395@example.com,2024-02-04T05:50:12,2024-02-04T05:50:12
396,user396@example.com,2024-01-03T18:05:47,2024-01-03T18:05:47
397,user397@example.com,2024-09-16T01:56:40,2024-09-16T01:56:40
398,user398@example.com,2024-04-11T14:39:18,2024-04-11T14:39:18
399,user399@example.com,2025-05-09T20:39:14,2025-05-09T20:39:14
400,user400@example.com,2024-07-22T11:12:00,2024-07-22T11:12:00
401,user401@example.com,2024-05-05T12:06:22,2024-05-05T12:06:22
402,user402@example.com,2024-12-09T04:24:39,2024-12-09T04:24:39
403,user403@example.com,2025-03-04T12:04:06,2025-03-04T12:04:06
404,user404@example.com,2024-11-28T04:39:43,2024-11-28T04:39:43
405,user405@example.com,2025-03-11T16:03:42,2025-03-11T16:03:42
406,user406@example.com,2024-01-08T12:15:22,2024-01-08T12:15:22
407,user407@example.com,2024-03-27T21:28:49,2024-03-27T21:28:49
408,user408@example.com,2024-02-28T10:38:49,2024-02-28T10:38:49
409,user409@example.com,2024-04-25T18:34:23,2024-04-25T18:34:23
410,user410@example.com,2025-02-27T18:32:24,2025-02-27T18:32:24
411,user411@example.com,2024-01-28T23:36:47,2024-01-28T23:36:47
412,user412@example.com,2024-10-13T18:41:05,2024-10-13T18:41:05
413,user413@example.com,2025-03-28T10:45:55,2025-03-28T10:45:55
414,user414@example.com,2025-03-05T03:48:51,2025-03-05T03:48:51
415,user415@example.com,2024-04-25T00:40:05,2024-04-25T00:40:05
416,user416@example.com,2024-11-29T19:48:18,2024-11-29T19:48:18
417,user417@example.com,2024-04-08T23:45:24,2024-04-08T23:45:24
418,user418@example.com,2024-02-02T11:44:47,2024-02-02T11:44:47
419,user419@example.com,2024-08-27T10:21:07,2024-08-27T10:21:07
420,user420@example.com,2024-10-10T05:35:48,2024-10-10T05:35:48
421,user421@example.com,2024-01-31T23:41:39,2024-01-31T23:41:39
422,user422@example.com,2024-10-04T22:02:51,2024-10-04T22:02:51
423,user423@example.com,2024-06-12T04:06:37,2024-06-12T04:06:37
424,user424@example.com,2024-07-12T19:34:17,2024-07-12T19:34:17
425,user425@example.com,2024-03-20T20:12:43,2024-03-20T20:12:43
426,user426@example.com,2024-10-01T17:02:51,2024-10-01T17:02:51
427,user427@example.com,2025-03-10T20:59:06,2025-03-10T20:59:06
428,user428@example.com,2024-11-11T15:25:24,2024-11-11T15:25:24
429,user429@example.com,2025-04-27T01:58:08,2025-04-27T01:58:08
430,user430@example.com,2024-04-30T01:04:58,2024-04-30T01:04:58
431,user431@example.com,2024-07-02T21:06:13,2024-07-02T21:06:13
432,user432@example.com,2024-05-06T05:15:08,2024-05-06T05:15:08
433,user433@example.com,2024-05-17T12:29:43,2024-05-17T12:29:43
434,user434@example.com,2024-11-16T05:43:29,2024-11-16T05:43:29
435,user435@example.com,2024-01-20T06:03:04,2024-01-20T06:03:04
436,user436@example.com,2024-05-19T07:31:30,2024-05-19T07:31:30
437,user437@example.com,2024-09-15T00:23:09,2024-09-15T00:23:09
438,user438@example.com,2024-11-15T18:53:22,2024-11-15T18:53:22
439,user439@example.com,2024-07-11T18:10:21,2024-07-11T18:10:21
440,user440@example.com,2024-07-26T05:37:08,2024-07-26T05:37:08
441,user441@example.com,2024-05-03T15:39:46,2024-05-03T15:39:46
442,user442@example.com,2024-03-24T23:02:54,2024-03-24T23:02:54
443,user443@example.com,2024-10-24T03:05:40,2024-10-24T03:05:40
444,user444@example.com,2024-01-31T01:52:44,2024-01-31T01:52:44
445,user445@example.com,2024-12-31T14:17:52,2024-12-31T14:17:52
446,user446@example.com,2024-06-21T18:27:54,2024-06-21T18:27:54
447,user447@example.com,2024-06-04T00:18:25,2024-06-04T00:18:25
448,user448@example.com,2024-12-23T12:40:27,2024-12-23T12:40:27
449,user449@example.com,2024-09-28T14:06:19,2024-09-28T14:06:19
450,user450@example.com,2024-08-25T01:10:12,2024-08-25T01:10:12
451,user451@example.com,2024-06-25T18:41:14,2024-06-25T18:41:14
452,user452@example.com,2024-06-22T03:35:46,2024-06-22T03:35:46
453,user453@example.com,2024-01-19T09:08:13,2024-01-19T09:08:13
454,user454@example.com,2025-05-27T15:54:37,2025-05-27T15:54:37
455,user455@example.com,2024-05-30T00:12:00,2024-05-30T00:12:00
456,user456@example.com,2024-11-05T11:56:39,2024-11-05T11:56:39
457,user457@example.com,2024-09-11T23:14:46,2024-09-11T23:14:46
458,user458@example.com,2024-08-04T09:32:14,2024-08-04T09:32:14
459,user459@example.com,2024-02-23T22:05:47,2024-02-23T22:05:47
460,user460@example.com,2024-08-04T19:16:01,2024-08-04T19:16:01
461,user461@example.com,2024-09-29T17:50:17,2024-09-29T17:50:17
462,user462@example.com,2025-05-13T06:05:10,2025-05-13T06:05:10
463,user463@example.com,2025-01-30T16:00:36,2025-01-30T16:00:36
464,user464@example.com,2024-11-06T10:32:42,2024-11-06T10:32:42
465,user465@example.com,2025-02-20T11:47:08,2025-02-20T11:47:08
466,user466@example.com,2024-09-14T05:04:51,2024-09-14T05:04:51
467,user467@example.com,2024-01-22T10:30:40,2024-01-22T10:30:40
468,user468@example.com,2024-03-30T14:07:33,2024-03-30T14:07:33
469,user469@example.com,2024-07-21T21:24:15,2024-07-21T21:24:15
470,user470@example.com,2024-05-18T16:44:43,2024-05-18T16:44:43
471,user471@example.com,2025-03-26T22:58:37,2025-03-26T22:58:37
472,user472@example.com,2024-07-25T04:39:06,2024-07-25T04:39:06
473,user473@example.com,2024-01-30T17:09:57,2024-01-30T17:09:57
474,user474@example.com,2024-03-25T04:46:11,2024-03-25T04:46:11
475,user475@example.com,2025-04-08T08:53:39,2025-04-08T08:53:39
476,user476@example.com,2024-12-03T12:51:20,2024-12-03T12:51:20
477,user477@example.com,2024-09-25T12:04:29,2024-09-25T12:04:29
478,user478@example.com,2024-08-31T15:22:08,2024-08-31T15:22:08
479,user479@example.com,2024-12-04T22:58:17,2024-12-04T22:58:17
480,user480@example.com,2025-04-15T20:33:07,2025-04-15T20:33:07
481,user481@example.com,2025-02-01T05:37:00,2025-02-01T05:37:00
482,user482@example.com,2024-03-30T19:47:37,2024-03-30T19:47:37
483,user483@example.com,2024-10-26T04:33:47,2024-10-26T04:33:47
484,user484@example.com,2025-03-23T20:22:48,2025-03-23T20:22:48
485,user485@example.com,2024-05-27T15:19:30,2024-05-27T15:19:30
486,user486@example.com,2024-07-16T20:22:18,2024-07-16T20:22:18
487,user487@example.com,2024-02-04T11:25:29,2024-02-04T11:25:29
488,user488@example.com,2024-12-04T16:42:04,2024-12-04T16:42:04
489,user489@example.com,2024-01-02T07:31:39,2024-01-02T07:31:39
490,user490@example.com,2025-02-07T20:01:03,2025-02-07T20:01:03
491,user491@example.com,2025-02-22T05:28:21,2025-02-22T05:28:21
492,user492@example.com,2024-06-02T01:00:03,2024-06-02T01:00:03
493,user493@example.com,2024-10-09T21:34:49,2024-10-09T21:34:49
494,user494@example.com,2024-11-30T23:57:58,2024-11-30T23:57:58
495,user495@example.com,2024-02-24T08:24:22,2024-02-24T08:24:22
496,user496@example.com,2025-05-30T22:17:16,2025-05-30T22:17:16
497,user497@example.com,2024-09-13T11:22:29,2024-09-13T11:22:29
498,user498@example.com,2025-04-29T00:27:31,2025-04-29T00:27:31
499,user499@example.com,2024-08-31T19:48:42,2024-08-31T19:48:42
500,user500@example.com,2025-05-30T06:26:19,2025-05-30T06:26:19
501,user501@example.com,2024-04-06T19:11:03,2024-04-06T19:11:03
502,user502@example.com,2024-08-21T06:24:46,2024-08-21T06:24:46
503,user503@example.com,2025-01-28T21:26:55,2025-01-28T21:26:55
504,user504@example.com,2024-08-28T05:29:02,2024-08-28T05:29:02
505,user505@example.com,2024-11-13T04:59:44,2024-11-13T04:59:44
506,user506@example.com,2024-09-10T08:29:24,2024-09-10T08:29:24
507,user507@example.com,2024-11-08T13:17:12,2024-11-08T13:17:12
508,user508@example.com,2024-08-17T15:24:44,2024-08-17T15:24:44
509,user509@example.com,2025-03-06T14:59:51,2025-03-06T14:59:51
510,user510@example.com,2024-04-08T20:48:59,2024-04-08T20:48:59
511,user511@example.com,2024-05-29T00:09:30,2024-05-29T00:09:30
512,user512@example.com,2024-11-22T13:41:15,2024-11-22T13:41:15
513,user513@example.com,2025-05-31T11:10:58,2025-05-31T11:10:58
514,user514@example.com,2024-10-21T11:46:48,2024-10-21T11:46:48
515,user515@example.com,2024-05-15T04:06:17,2024-05-15T04:06:17
516,user516@example.com,2025-04-23T02:01:46,2025-04-23T02:01:46
517,user517@example.com,2025-03-18T00:53:27,2025-03-18T00:53:27
518,user518@example.com,2024-08-21T18:06:44,2024-08-21T18:06:44
519,user519@example.com,2024-11-11T09:47:23,2024-11-11T09:47:23
520,user520@example.com,2025-03-01T14:17:23,2025-03-01T14:17:23
521,user521@example.com,2024-01-01T07:34:02,2024-01-01T07:34:02
522,user522@example.com,2024-08-24T00:38:22,2024-08-24T00:38:22
523,user523@example.com,2024-08-10T20:27:33,2024-08-10T20:27:33
524,user524@example.com,2024-06-12T06:05:21,2024-06-12T06:05:21
525,user525@example.com,2024-11-29T21:41:45,2024-11-29T21:41:45
526,user526@example.com,2025-03-26T11:41:59,2025-03-26T11:41:59
527,user527@example.com,2025-04-16T04:59:28,2025-04-16T04:59:28
528,user528@example.com,2025-05-23T12:35:50,2025-05-23T12:35:50
529,user529@example.com,2024-09-07T07:09:39,2024-09-07T07:09:39
530,user530@example.com,2024-12-27T04:00:29,2024-12-27T04:00:29
531,user531@example.com,2024-12-09T03:29:17,2024-12-09T03:29:17
532,user532@example.com,2024-12-09T10:27:21,2024-12-09T10:27:21
533,user533@example.com,2024-06-14T23:40:58,2024-06-14T23:40:58
534,user534@example.com,2025-02-01T00:58:26,2025-02-01T00:58:26
535,user535@example.com,2025-01-02T12:49:47,2025-01-02T12:49:47
536,user536@example.com,2024-05-11T19:16:36,2024-05-11T19:16:36
537,user537@example.com,2025-05-26T17:52:05,2025-05-26T17:52:05
538,user538@example.com,2024-03-06T20:42:12,2024-03-06T20:42:12
539,user539@example.com,2024-08-08T10:09:43,2024-08-08T10:09:43
540,user540@example.com,2025-02-04T08:43:18,2025-02-04T08:43:18
541,user541@example.com,2025-05-30T15:07:56,2025-05-30T15:07:56
542,user542@example.com,2025-05-06T14:52:21,2025-05-06T14:52:21
543,user543@example.com,2025-04-25T23:51:29,2025-04-25T23:51:29
544,user544@example.com,2024-09-17T08:21:43,2024-09-17T08:21:43
545,user545@example.com,2024-03-13T12:51:48,2024-03-13T12:51:48
546,user546@example.com,2024-07-01T10:16:04,2024-07-01T10:16:04
547,user547@example.com,2024-08-29T02:38:17,2024-08-29T02:38:17
548,user548@example.com,2024-06-23T11:36:19,2024-06-23T11:36:19
549,user549@example.com,2024-06-03T16:03:03,2024-06-03T16:03:03
550,user550@example.com,2024-04-24T10:52:37,2024-04-24T10:52:37
551,user551@example.com,2024-01-19T23:19:20,2024-01-19T23:19:20
552,user552@example.com,2024-02-05T21:29:10,2024-02-05T21:29:10
553,user553@example.com,2024-07-09T04:11:44,2024-07-09T04:11:44
554,user554@example.com,2025-01-04T01:11:00,2025-01-04T01:11:00
555,user555@example.com,2025-04-19T18:58:21,2025-04-19T18:58:21
556,user556@example.com,2024-02-26T13:36:59,2024-02-26T13:36:59
557,user557@example.com,2024-12-19T17:34:21,2024-12-19T17:34:21
558,user558@example.com,2024-11-17T21:44:25,2024-11-17T21:44:25
559,user559@example.com,2025-05-04T03:40:39,2025-05-04T03:40:39
560,user560@example.com,2025-03-23T03:17:00,2025-03-23T03:17:00
561,user561@example.com,2024-05-31T00:32:07,2024-05-31T00:32:07
562,user562@example.com,2024-10-25T05:52:38,2024-10-25T05:52:38
563,user563@example.com,2025-01-18T23:51:30,2025-01-18T23:51:30
564,user564@example.com,2024-11-06T10:04:09,2024-11-06T10:04:09
565,user565@example.com,2024-07-08T12:11:58,2024-07-08T12:11:58
566,user566@example.com,2024-04-24T14:55:45,2024-04-24T14:55:45
567,user567@example.com,2025-05-24T13:48:27,2025-05-24T13:48:27
568,user568@example.com,2024-01-05T07:21:46,2024-01-05T07:21:46
569,user569@example.com,2024-03-23T18:55:52,2024-03-23T18:55:52
570,user570@example.com,2024-11-26T05:17:58,2024-11-26T05:17:58
571,user571@example.com,2024-06-18T23:29:40,2024-06-18T23:29:40
572,user572@example.com,2024-05-16T14:45:55,2024-05-16T14:45:55
573,user573@example.com,2025-02-06T07:25:56,2025-02-06T07:25:56
574,user574@example.com,2024-12-26T19:50:15,2024-12-26T19:50:15
575,user575@example.com,2024-02-09T00:08:18,2024-02-09T00:08:18
576,user576@example.com,2025-03-08T22:47:49,2025-03-08T22:47:49
577,user577@example.com,2024-07-12T13:23:33,2024-07-12T13:23:33
578,user578@example.com,2024-04-04T06:17:17,2024-04-04T06:17:17
579,user579@example.com,2024-12-20T13:03:54,2024-12-20T13:03:54
580,user580@example.com,2024-04-13T13:37:15,2024-04-13T13:37:15
581,user581@example.com,2024-12-26T21:34:39,2024-12-26T21:34:39
582,user582@example.com,2025-02-16T13:00:57,2025-02-16T13:00:57
583,user583@example.com,2025-03-10T03:07:21,2025-03-10T03:07:21
584,user584@example.com,2025-04-07T12:02:08,2025-04-07T12:02:08
585,user585@example.com,2024-09-03T10:51:45,2024-09-03T10:51:45
586,user586@example.com,2024-12-09T18:09:59,2024-12-09T18:09:59
587,user587@example.com,2025-04-20T20:40:01,2025-04-20T20:40:01
588,user588@example.com,2025-01-27T01:44:49,2025-01-27T01:44:49
589,user589@example.com,2024-11-27T11:01:27,2024-11-27T11:01:27
590,user590@example.com,2025-03-01T13:04:24,2025-03-01T13:04:24
591,user591@example.com,2024-12-12T08:25:55,2024-12-12T08:25:55
592,user592@example.com,2024-05-03T14:55:06,2024-05-03T14:55:06
593,user593@example.com,2025-01-03T16:34:22,2025-01-03T16:34:22
594,user594@example.com,2024-12-15T13:54:30,2024-12-15T13:54:30
595,user595@example.com,2024-07-20T07:40:50,2024-07-20T07:40:50
596,user596@example.com,2024-07-11T00:52:57,2024-07-11T00:52:57
597,user597@example.com,2025-05-10T06:52:14,2025-05-10T06:52:14
598,user598@example.com,2024-08-03T09:27:29,2024-08-03T09:27:29
599,user599@example.com,2025-02-08T21:43:58,2025-02-08T21:43:58
600,user600@example.com,2025-01-11T09:32:35,2025-01-11T09:32:35
601,user601@example.com,2025-05-01T19:26:15,2025-05-01T19:26:15
602,user602@example.com,2024-07-04T19:51:58,2024-07-04T19:51:58
603,user603@example.com,2024-08-01T06:52:02,2024-08-01T06:52:02
604,user604@example.com,2024-12-07T15:49:10,2024-12-07T15:49:10
605,user605@example.com,2024-03-01T04:23:39,2024-03-01T04:23:39
606,user606@example.com,2024-08-09T22:21:31,2024-08-09T22:21:31
607,user607@example.com,2024-07-01T03:16:37,2024-07-01T03:16:37
608,user608@example.com,2024-07-30T01:08:12,2024-07-30T01:08:12
609,user609@example.com,2024-09-17T20:39:06,2024-09-17T20:39:06
610,user610@example.com,2024-09-05T07:49:05,2024-09-05T07:49:05
611,user611@example.com,2025-02-23T13:10:02,2025-02-23T13:10:02
612,user612@example.com,2024-03-03T14:04:35,2024-03-03T14:04:35
613,user613@example.com,2024-04-17T11:28:46,2024-04-17T11:28:46
614,user614@example.com,2024-04-27T03:41:14,2024-04-27T03:41:14
615,user615@example.com,2024-06-28T15:01:35,2024-06-28T15:01:35
616,user616@example.com,2024-10-24T12:17:43,2024-10-24T12:17:43
617,user617@example.com,2024-04-28T16:29:47,2024-04-28T16:29:47
618,user618@example.com,2024-06-15T04:22:14,2024-06-15T04:22:14
619,user619@example.com,2024-02-19T21:18:45,2024-02-19T21:18:45
620,user620@example.com,2024-11-18T05:41:53,2024-11-18T05:41:53
621,user621@example.com,2024-11-12T14:12:10,2024-11-12T14:12:10
622,user622@example.com,2024-09-14T00:04:34,2024-09-14T00:04:34
623,user623@example.com,2025-02-25T11:00:17,2025-02-25T11:00:17
624,user624@example.com,2024-12-27T21:27:30,2024-12-27T21:27:30
625,user625@example.com,2024-11-18T22:35:36,2024-11-18T22:35:36
626,user626@example.com,2024-02-18T08:43:01,2024-02-18T08:43:01
627,user627@example.com,2024-06-09T15:40:20,2024-06-09T15:40:20
628,user628@example.com,2024-11-22T08:02:34,2024-11-22T08:02:34
629,user629@example.com,2024-10-29T12:22:26,2024-10-29T12:22:26
630,user630@example.com,2025-03-29T16:01:45,2025-03-29T16:01:45
631,user631@example.com,2024-01-16T04:06:07,2024-01-16T04:06:07
632,user632@example.com,2025-03-23T03:38:45,2025-03-23T03:38:45
633,user633@example.com,2024-10-22T10:48:58,2024-10-22T10:48:58
634,user634@example.com,2025-01-05T11:32:48,2025-01-05T11:32:48
635,user635@example.com,2024-01-05T13:54:39,2024-01-05T13:54:39
636,user636@example.com,2024-09-30T05:15:33,2024-09-30T05:15:33
637,user637@example.com,2024-08-19T22:32:35,2024-08-19T22:32:35
638,user638@example.com,2024-10-29T21:52:40,2024-10-29T21:52:40
639,user639@example.com,2024-11-21T11:07:22,2024-11-21T11:07:22
640,user640@example.com,2025-02-22T01:09:30,2025-02-22T01:09:30
641,user641@example.com,2025-02-28T04:38:38,2025-02-28T04:38:38
642,user642@example.com,2025-04-13T13:26:35,2025-04-13T13:26:35
643,user643@example.com,2024-06-20T07:08:21,2024-06-20T07:08:21
644,user644@example.com,2025-01-14T05:15:25,2025-01-14T05:15:25
645,user645@example.com,2024-06-19T10:18:56,2024-06-19T10:18:56
646,user646@example.com,2024-07-30T23:52:58,2024-07-30T23:52:58
647,user647@example.com,2024-12-04T12:34:17,2024-12-04T12:34:17
648,user648@example.com,2025-01-12T05:01:22,2025-01-12T05:01:22
649,user649@example.com,2024-01-23T13:03:42,2024-01-23T13:03:42
650,user650@example.com,2024-10-29T00:49:25,2024-10-29T00:49:25
651,user651@example.com,2024-09-18T01:54:31,2024-09-18T01:54:31
652,user652@example.com,2024-11-10T01:00:32,2024-11-10T01:00:32
653,user653@example.com,2024-05-08T04:39:24,2024-05-08T04:39:24
654,user654@example.com,2024-12-29T00:47:01,2024-12-29T00:47:01
655,user655@example.com,2024-04-09T03:09:16,2024-04-09T03:09:16
656,user656@example.com,2025-04-28T07:42:37,2025-04-28T07:42:37
657,user657@example.com,2025-02-18T20:47:10,2025-02-18T20:47:10
658,user658@example.com,2024-01-21T22:41:27,2024-01-21T22:41:27
659,user659@example.com,2024-11-02T01:04:11,2024-11-02T01:04:11
660,user660@example.com,2025-04-04T17:40:51,2025-04-04T17:40:51
661,user661@example.com,2025-03-14T09:01:44,2025-03-14T09:01:44
662,user662@example.com,2025-05-29T23:12:40,2025-05-29T23:12:40
663,user663@example.com,2024-01-22T01:13:07,2024-01-22T01:13:07
664,user664@example.com,2024-03-06T04:53:38,2024-03-06T04:53:38
665,user665@example.com,2025-05-14T05:43:18,2025-05-14T05:43:18
666,user666@example.com,2024-11-28T21:55:16,2024-11-28T21:55:16
667,user667@example.com,2024-04-15T09:37:18,2024-04-15T09:37:18
668,user668@example.com,2024-12-24T14:40:58,2024-12-24T14:40:58
669,user669@example.com,2024-05-21T03:40:28,2024-05-21T03:40:28
670,user670@example.com,2024-02-09T01:22:24,2024-02-09T01:22:24
671,user671@example.com,2024-07-21T01:39:54,2024-07-21T01:39:54
672,user672@example.com,2024-10-21T11:00:29,2024-10-21T11:00:29
673,user673@example.com,2024-09-11T06:17:45,2024-09-11T06:17:45
674,user674@example.com,2024-06-13T09:38:01,2024-06-13T09:38:01
675,user675@example.com,2024-12-19T04:12:35,2024-12-19T04:12:35
676,user676@example.com,2024-09-10T20:50:50,2024-09-10T20:50:50
677,user677@example.com,2024-09-19T03:27:58,2024-09-19T03:27:58
678,user678@example.com,2024-10-21T11:25:29,2024-10-21T11:25:29
679,user679@example.com,2024-08-04T03:04:45,2024-08-04T03:04:45
680,user680@example.com,2024-11-23T10:32:16,2024-11-23T10:32:16
681,user681@example.com,2024-07-14T22:40:55,2024-07-14T22:40:55
682,user682@example.com,2024-03-04T14:50:34,2024-03-04T14:50:34
683,user683@example.com,2024-12-31T07:09:17,2024-12-31T07:09:17
684,user684@example.com,2024-01-16T01:19:50,2024-01-16T01:19:50
685,user685@example.com,2025-02-22T23:29:59,2025-02-22T23:29:59
686,user686@example.com,2024-02-10T10:56:45,2024-02-10T10:56:45
687,user687@example.com,2024-09-28T19:44:01,2024-09-28T19:44:01
688,user688@example.com,2024-06-23T03:48:14,2024-06-23T03:48:14
689,user689@example.com,2025-05-19T23:33:51,2025-05-19T23:33:51
690,user690@example.com,2024-02-23T07:08:20,2024-02-23T07:08:20
691,user691@example.com,2025-05-21T05:35:14,2025-05-21T05:35:14
692,user692@example.com,2024-02-01T06:27:57,2024-02-01T06:27:57
693,user693@example.com,2024-01-25T02:26:27,2024-01-25T02:26:27
694,user694@example.com,2024-07-11T01:41:41,2024-07-11T01:41:41
695,user695@example.com,2024-06-03T20:21:08,2024-06-03T20:21:08
696,user696@example.com,2024-01-16T19:54:39,2024-01-16T19:54:39
697,user697@example.com,2025-04-27T14:32:10,2025-04-27T14:32:10
698,user698@example.com,2024-04-28T08:36:46,2024-04-28T08:36:46
699,user699@example.com,2024-07-04T06:48:00,2024-07-04T06:48:00
700,user700@example.com,2024-04-08T00:55:46,2024-04-08T00:55:46
701,user701@example.com,2025-01-02T19:49:04,2025-01-02T19:49:04
702,user702@example.com,2024-03-29T20:22:25,2024-03-29T20:22:25
703,user703@example.com,2025-03-14T01:09:17,2025-03-14T01:09:17
704,user704@example.com,2024-06-18T07:09:12,2024-06-18T07:09:12
705,user705@example.com,2024-12-27T04:51:42,2024-12-27T04:51:42
706,user706@example.com,2024-07-18T00:43:43,2024-07-18T00:43:43
707,user707@example.com,2024-10-13T12:42:16,2024-10-13T12:42:16
708,user708@example.com,2024-05-10T07:48:58,2024-05-10T07:48:58
709,user709@example.com,2025-04-15T14:39:30,2025-04-15T14:39:30
710,user710@example.com,2025-04-16T15:54:49,2025-04-16T15:54:49
711,user711@example.com,2024-03-29T23:02:50,2024-03-29T23:02:50
712,user712@example.com,2024-05-07T04:48:57,2024-05-07T04:48:57
713,user713@example.com,2024-08-29T14:11:08,2024-08-29T14:11:08
714,user714@example.com,2024-03-24T23:06:24,2024-03-24T23:06:24
715,user715@example.com,2025-03-25T11:27:55,2025-03-25T11:27:55
716,user716@example.com,2024-01-20T22:40:49,2024-01-20T22:40:49
717,user717@example.com,2024-08-30T07:18:16,2024-08-30T07:18:16
718,user718@example.com,2025-03-23T05:37:44,2025-03-23T05:37:44
719,user719@example.com,2024-10-18T12:13:43,2024-10-18T12:13:43
720,user720@example.com,2024-11-04T02:10:28,2024-11-04T02:10:28
721,user721@example.com,2024-06-03T01:08:06,2024-06-03T01:08:06
722,user722@example.com,2024-02-29T00:40:37,2024-02-29T00:40:37
723,user723@example.com,2025-04-04T21:30:14,2025-04-04T21:30:14
724,user724@example.com,2025-05-02T04:38:44,2025-05-02T04:38:44
725,user725@example.com,2024-07-07T15:02:26,2024-07-07T15:02:26
726,user726@example.com,2024-03-20T03:34:40,2024-03-20T03:34:40
727,user727@example.com,2024-08-22T05:54:31,2024-08-22T05:54:31
728,user728@example.com,2025-04-11T08:29:01,2025-04-11T08:29:01
729,user729@example.com,2024-04-04T00:37:47,2024-04-04T00:37:47
730,user730@example.com,2025-03-15T13:44:50,2025-03-15T13:44:50
731,user731@example.com,2024-02-01T21:35:02,2024-02-01T21:35:02
732,user732@example.com,2024-09-26T16:20:50,2024-09-26T16:20:50
733,user733@example.com,2025-02-17T19:05:28,2025-02-17T19:05:28
734,user734@example.com,2024-11-28T17:32:41,2024-11-28T17:32:41
735,user735@example.com,2025-05-28T19:39:05,2025-05-28T19:39:05
736,user736@example.com,2024-10-14T19:56:30,2024-10-14T19:56:30
737,user737@example.com,2024-02-23T13:26:48,2024-02-23T13:26:48
738,user738@example.com,2025-01-27T23:47:33,2025-01-27T23:47:33
739,user739@example.com,2025-05-17T23:04:52,2025-05-17T23:04:52
740,user740@example.com,2024-09-22T01:00:36,2024-09-22T01:00:36
741,user741@example.com,2024-01-10T19:51:11,2024-01-10T19:51:11
742,user742@example.com,2024-11-22T06:27:44,2024-11-22T06:27:44
743,user743@example.com,2025-01-15T18:01:19,2025-01-15T18:01:19
744,user744@example.com,2024-03-22T23:23:13,2024-03-22T23:23:13
745,user745@example.com,2024-12-02T17:27:42,2024-12-02T17:27:42
746,user746@example.com,2024-10-08T07:40:27,2024-10-08T07:40:27
747,user747@example.com,2025-05-08T16:09:54,2025-05-08T16:09:54
748,user748@example.com,2024-12-23T02:09:45,2024-12-23T02:09:45
749,user749@example.com,2024-04-28T19:57:42,2024-04-28T19:57:42
750,user750@example.com,2024-12-04T06:04:07,2024-12-04T06:04:07
751,user751@example.com,2024-05-16T19:25:51,2024-05-16T19:25:51
752,user752@example.com,2025-02-09T06:03:51,2025-02-09T06:03:51
753,user753@example.com,2025-05-20T05:24:18,2025-05-20T05:24:18
754,user754@example.com,2024-07-28T18:42:02,2024-07-28T18:42:02
755,user755@example.com,2025-04-23T09:26:18,2025-04-23T09:26:18
756,user756@example.com,2025-02-22T00:16:12,2025-02-22T00:16:12
757,user757@example.com,2025-01-10T13:02:48,2025-01-10T13:02:48
758,user758@example.com,2024-12-27T01:52:30,2024-12-27T01:52:30
759,user759@example.com,2024-12-04T07:41:49,2024-12-04T07:41:49
760,user760@example.com,2025-04-05T04:31:38,2025-04-05T04:31:38
761,user761@example.com,2024-07-27T11:15:19,2024-07-27T11:15:19
762,user762@example.com,2024-09-07T08:11:34,2024-09-07T08:11:34
763,user763@example.com,2024-07-09T16:21:41,2024-07-09T16:21:41
764,user764@example.com,2024-03-08T07:30:48,2024-03-08T07:30:48
765,user765@example.com,2024-08-04T15:35:57,2024-08-04T15:35:57
766,user766@example.com,2024-12-16T03:33:30,2024-12-16T03:33:30
767,user767@example.com,2024-07-08T09:56:38,2024-07-08T09:56:38
768,user768@example.com,2024-12-26T22:47:37,2024-12-26T22:47:37
769,user769@example.com,2025-03-18T14:46:02,2025-03-18T14:46:02
770,user770@example.com,2025-04-19T01:24:27,2025-04-19T01:24:27
771,user771@example.com,2024-10-21T08:52:21,2024-10-21T08:52:21
772,user772@example.com,2024-09-18T06:53:15,2024-09-18T06:53:15
773,user773@example.com,2024-01-23T07:00:24,2024-01-23T07:00:24
774,user774@example.com,2025-01-18T22:32:27,2025-01-18T22:32:27
775,user775@example.com,2024-09-09T10:42:11,2024-09-09T10:42:11
776,user776@example.com,2024-05-21T05:44:26,2024-05-21T05:44:26
777,user777@example.com,2025-01-13T16:35:22,2025-01-13T16:35:22
778,user778@example.com,2024-06-13T18:12:02,2024-06-13T18:12:02
779,user779@example.com,2024-10-02T14:25:00,2024-10-02T14:25:00
780,user780@example.com,2024-07-19T16:02:16,2024-07-19T16:02:16
781,user781@example.com,2024-09-21T08:22:33,2024-09-21T08:22:33
782,user782@example.com,2024-08-05T05:12:43,2024-08-05T05:12:43
783,user783@example.com,2025-04-08T01:08:05,2025-04-08T01:08:05
784,user784@example.com,2024-08-02T14:01:10,2024-08-02T14:01:10
785,user785@example.com,2025-03-07T16:41:44,2025-03-07T16:41:44
786,user786@example.com,2024-01-08T21:13:49,2024-01-08T21:13:49
787,user787@example.com,2025-02-05T06:37:47,2025-02-05T06:37:47
788,user788@example.com,2024-05-28T09:32:59,2024-05-28T09:32:59
789,user789@example.com,2024-03-07T11:56:28,2024-03-07T11:56:28
790,user790@example.com,2024-07-06T11:12:10,2024-07-06T11:12:10
791,user791@example.com,2024-11-11T16:22:09,2024-11-11T16:22:09
792,user792@example.com,2025-01-14T11:45:04,2025-01-14T11:45:04
793,user793@example.com,2025-03-07T05:14:04,2025-03-07T05:14:04
794,user794@example.com,2024-07-05T15:57:46,2024-07-05T15:57:46
795,user795@example.com,2025-01-04T19:01:07,2025-01-04T19:01:07
796,user796@example.com,2025-05-16T16:30:09,2025-05-16T16:30:09
797,user797@example.com,2025-01-16T05:34:22,2025-01-16T05:34:22
798,user798@example.com,2024-12-14T02:34:44,2024-12-14T02:34:44
799,user799@example.com,2024-01-14T09:26:15,2024-01-14T09:26:15
800,user800@example.com,2024-03-13T06:38:24,2024-03-13T06:38:24
801,user801@example.com,2024-08-16T12:56:55,2024-08-16T12:56:55
802,user802@example.com,2024-06-21T02:51:22,2024-06-21T02:51:22
803,user803@example.com,2024-11-10T02:35:00,2024-11-10T02:35:00
804,user804@example.com,2024-07-07T23:32:13,2024-07-07T23:32:13
805,user805@example.com,2024-08-25T20:05:38,2024-08-25T20:05:38
806,user806@example.com,2025-05-30T17:06:42,2025-05-30T17:06:42
807,user807@example.com,2025-03-27T16:58:54,2025-03-27T16:58:54
808,user808@example.com,2024-10-13T15:02:23,2024-10-13T15:02:23
809,user809@example.com,2025-01-02T14:12:53,2025-01-02T14:12:53
810,user810@example.com,2025-03-05T21:29:01,2025-03-05T21:29:01
811,user811@example.com,2025-02-16T09:06:07,2025-02-16T09:06:07
812,user812@example.com,2024-09-24T00:06:08,2024-09-24T00:06:08
813,user813@example.com,2024-11-26T11:57:57,2024-11-26T11:57:57
814,user814@example.com,2025-03-03T11:59:05,2025-03-03T11:59:05
815,user815@example.com,2024-09-13T22:23:48,2024-09-13T22:23:48
816,user816@example.com,2024-09-30T06:13:24,2024-09-30T06:13:24
817,user817@example.com,2024-12-18T10:25:29,2024-12-18T10:25:29
818,user818@example.com,2024-07-29T10:14:53,2024-07-29T10:14:53
819,user819@example.com,2024-08-26T03:52:00,2024-08-26T03:52:00
820,user820@example.com,2024-07-14T06:30:15,2024-07-14T06:30:15
821,user821@example.com,2024-06-28T01:32:26,2024-06-28T01:32:26
822,user822@example.com,2024-04-03T17:11:19,2024-04-03T17:11:19
823,user823@example.com,2024-05-29T14:01:53,2024-05-29T14:01:53
824,user824@example.com,2024-09-02T02:14:24,2024-09-02T02:14:24
825,user825@example.com,2024-04-02T20:39:42,2024-04-02T20:39:42
826,user826@example.com,2025-02-20T05:13:41,2025-02-20T05:13:41
827,user827@example.com,2024-05-23T19:26:35,2024-05-23T19:26:35
828,user828@example.com,2024-05-28T18:34:57,2024-05-28T18:34:57
829,user829@example.com,2024-06-17T01:42:07,2024-06-17T01:42:07
830,user830@example.com,2025-01-11T02:06:57,2025-01-11T02:06:57
831,user831@example.com,2024-08-02T18:19:35,2024-08-02T18:19:35
832,user832@example.com,2025-04-02T22:41:47,2025-04-02T22:41:47
833,user833@example.com,2025-02-11T11:56:24,2025-02-11T11:56:24
834,user834@example.com,2025-04-08T12:59:08,2025-04-08T12:59:08
835,user835@example.com,2024-08-07T19:28:41,2024-08-07T19:28:41
836,user836@example.com,2024-03-19T01:56:32,2024-03-19T01:56:32
837,user837@example.com,2024-05-30T18:36:50,2024-05-30T18:36:50
838,user838@example.com,2024-08-18T02:26:03,2024-08-18T02:26:03
839,user839@example.com,2024-06-25T16:35:36,2024-06-25T16:35:36
840,user840@example.com,2024-10-07T07:18:38,2024-10-07T07:18:38
841,user841@example.com,2024-05-19T09:01:58,2024-05-19T09:01:58
842,user842@example.com,2024-08-22T18:40:34,2024-08-22T18:40:34
843,user843@example.com,2024-01-11T23:44:40,2024-01-11T23:44:40
844,user844@example.com,2025-02-18T20:59:59,2025-02-18T20:59:59
845,user845@example.com,2024-04-08T07:40:38,2024-04-08T07:40:38
846,user846@example.com,2024-08-01T01:32:01,2024-08-01T01:32:01
847,user847@example.com,2024-02-05T08:28:26,2024-02-05T08:28:26
848,user848@example.com,2024-02-12T08:26:19,2024-02-12T08:26:19
849,user849@example.com,2025-03-05T19:21:31,2025-03-05T19:21:31
850,user850@example.com,2024-08-14T21:49:18,2024-08-14T21:49:18
851,user851@example.com,2024-04-08T02:01:13,2024-04-08T02:01:13
852,user852@example.com,2025-05-10T10:45:07,2025-05-10T10:45:07
853,user853@example.com,2025-01-16T06:38:31,2025-01-16T06:38:31
854,user854@example.com,2024-03-20T16:22:20,2024-03-20T16:22:20
855,user855@example.com,2024-01-10T12:38:37,2024-01-10T12:38:37
856,user856@example.com,2025-03-21T21:19:57,2025-03-21T21:19:57
857,user857@example.com,2024-08-08T20:28:09,2024-08-08T20:28:09
858,user858@example.com,2024-12-30T14:11:35,2024-12-30T14:11:35
859,user859@example.com,2025-01-06T19:52:46,2025-01-06T19:52:46
860,user860@example.com,2024-12-08T02:56:00,2024-12-08T02:56:00
861,user861@example.com,2024-09-21T15:13:08,2024-09-21T15:13:08
862,user862@example.com,2024-05-23T04:47:16,2024-05-23T04:47:16
863,user863@example.com,2024-02-09T21:43:53,2024-02-09T21:43:53
864,user864@example.com,2024-07-15T02:32:17,2024-07-15T02:32:17
865,user865@example.com,2025-01-06T01:31:03,2025-01-06T01:31:03
866,user866@example.com,2024-03-29T14:44:18,2024-03-29T14:44:18
867,user867@example.com,2024-02-20T18:05:23,2024-02-20T18:05:23
868,user868@example.com,2024-11-07T05:43:41,2024-11-07T05:43:41
869,user869@example.com,2025-01-16T22:49:13,2025-01-16T22:49:13
870,user870@example.com,2024-02-27T12:59:30,2024-02-27T12:59:30
871,user871@example.com,2025-03-24T04:27:14,2025-03-24T04:27:14
872,user872@example.com,2025-05-03T21:43:06,2025-05-03T21:43:06
873,user873@example.com,2024-02-11T15:20:44,2024-02-11T15:20:44
874,user874@example.com,2024-04-27T20:23:47,2024-04-27T20:23:47
875,user875@example.com,2024-04-25T21:14:40,2024-04-25T21:14:40
876,user876@example.com,2025-03-13T04:05:25,2025-03-13T04:05:25
877,user877@example.com,2024-08-23T23:54:16,2024-08-23T23:54:16
878,user878@example.com,2024-03-07T03:53:13,2024-03-07T03:53:13
879,user879@example.com,2024-07-11T18:36:53,2024-07-11T18:36:53
880,user880@example.com,2024-04-02T00:05:49,2024-04-02T00:05:49
881,user881@example.com,2025-03-09T11:14:07,2025-03-09T11:14:07
882,user882@example.com,2024-11-19T06:02:45,2024-11-19T06:02:45
883,user883@example.com,2025-04-15T22:34:48,2025-04-15T22:34:48
884,user884@example.com,2025-04-08T00:36:35,2025-04-08T00:36:35
885,user885@example.com,2025-04-25T08:09:13,2025-04-25T08:09:13
886,user886@example.com,2024-06-24T07:06:47,2024-06-24T07:06:47
887,user887@example.com,2025-02-09T21:27:29,2025-02-09T21:27:29
888,user888@example.com,2024-10-22T10:45:37,2024-10-22T10:45:37
889,user889@example.com,2024-12-15T22:11:53,2024-12-15T22:11:53
890,user890@example.com,2024-12-09T20:55:03,2024-12-09T20:55:03
891,user891@example.com,2024-08-18T23:03:50,2024-08-18T23:03:50
892,user892@example.com,2025-04-02T02:54:13,2025-04-02T02:54:13
893,user893@example.com,2024-11-29T01:58:03,2024-11-29T01:58:03
894,user894@example.com,2024-08-25T04:42:01,2024-08-25T04:42:01
895,user895@example.com,2025-03-17T16:01:17,2025-03-17T16:01:17
896,user896@example.com,2025-04-27T08:47:18,2025-04-27T08:47:18
897,user897@example.com,2024-02-16T18:46:27,2024-02-16T18:46:27
898,user898@example.com,2025-04-18T12:20:37,2025-04-18T12:20:37
899,user899@example.com,2024-03-18T01:50:52,2024-03-18T01:50:52
900,user900@example.com,2024-06-10T09:26:50,2024-06-10T09:26:50
901,user901@example.com,2025-04-30T20:26:43,2025-04-30T20:26:43
902,user902@example.com,2024-06-12T21:47:41,2024-06-12T21:47:41
903,user903@example.com,2024-07-24T13:21:40,2024-07-24T13:21:40
904,user904@example.com,2025-05-27T23:16:22,2025-05-27T23:16:22
905,user905@example.com,2024-03-04T01:26:38,2024-03-04T01:26:38
906,user906@example.com,2024-05-01T23:45:23,2024-05-01T23:45:23
907,user907@example.com,2024-07-05T07:24:39,2024-07-05T07:24:39
908,user908@example.com,2024-05-15T00:07:09,2024-05-15T00:07:09
909,user909@example.com,2025-03-04T17:52:52,2025-03-04T17:52:52
910,user910@example.com,2024-02-28T07:18:38,2024-02-28T07:18:38
911,user911@example.com,2024-05-01T13:58:46,2024-05-01T13:58:46
912,user912@example.com,2024-01-03T01:52:44,2024-01-03T01:52:44
913,user913@example.com,2024-11-13T07:19:10,2024-11-13T07:19:10
914,user914@example.com,2024-12-15T21:59:51,2024-12-15T21:59:51
915,user915@example.com,2025-04-06T05:26:34,2025-04-06T05:26:34
916,user916@example.com,2024-12-30T23:48:12,2024-12-30T23:48:12
917,user917@example.com,2024-08-14T05:28:00,2024-08-14T05:28:00
918,user918@example.com,2024-01-26T08:27:03,2024-01-26T08:27:03
919,user919@example.com,2024-06-28T19:01:47,2024-06-28T19:01:47
920,user920@example.com,2024-08-11T18:39:51,2024-08-11T18:39:51
921,user921@example.com,2024-08-07T14:15:08,2024-08-07T14:15:08
922,user922@example.com,2024-12-18T15:45:26,2024-12-18T15:45:26
923,user923@example.com,2024-02-25T06:53:12,2024-02-25T06:53:12
924,user924@example.com,2024-06-30T07:20:06,2024-06-30T07:20:06
925,user925@example.com,2024-07-24T11:39:20,2024-07-24T11:39:20
926,user926@example.com,2025-04-30T11:55:32,2025-04-30T11:55:32
927,user927@example.com,2025-04-03T02:28:29,2025-04-03T02:28:29
928,user928@example.com,2025-05-28T13:20:42,2025-05-28T13:20:42
929,user929@example.com,2024-06-02T15:37:02,2024-06-02T15:37:02
930,user930@example.com,2024-11-26T05:09:53,2024-11-26T05:09:53
931,user931@example.com,2024-03-30T03:35:07,2024-03-30T03:35:07
932,user932@example.com,2025-02-26T23:22:42,2025-02-26T23:22:42
933,user933@example.com,2024-06-23T14:45:06,2024-06-23T14:45:06
934,user934@example.com,2025-05-18T00:47:10,2025-05-18T00:47:10
935,user935@example.com,2024-04-25T17:21:49,2024-04-25T17:21:49
936,user936@example.com,2024-07-25T07:44:53,2024-07-25T07:44:53
937,user937@example.com,2024-04-20T11:28:35,2024-04-20T11:28:35
938,user938@example.com,2024-02-25T11:10:33,2024-02-25T11:10:33
939,user939@example.com,2024-02-16T07:44:01,2024-02-16T07:44:01
940,user940@example.com,2024-05-08T21:01:29,2024-05-08T21:01:29
941,user941@example.com,2024-08-26T22:17:59,2024-08-26T22:17:59
942,user942@example.com,2025-04-07T04:25:29,2025-04-07T04:25:29
943,user943@example.com,2025-03-18T02:47:18,2025-03-18T02:47:18
944,user944@example.com,2024-08-12T04:05:28,2024-08-12T04:05:28
945,user945@example.com,2024-12-07T02:24:49,2024-12-07T02:24:49
946,user946@example.com,2024-04-06T14:07:12,2024-04-06T14:07:12
947,user947@example.com,2024-12-30T01:09:48,2024-12-30T01:09:48
948,user948@example.com,2024-08-24T04:40:14,2024-08-24T04:40:14
949,user949@example.com,2024-11-08T15:18:09,2024-11-08T15:18:09
950,user950@example.com,2024-07-30T11:02:12,2024-07-30T11:02:12
951,user951@example.com,2025-01-23T17:28:39,2025-01-23T17:28:39
952,user952@example.com,2025-02-23T09:59:09,2025-02-23T09:59:09
953,user953@example.com,2025-01-18T13:00:36,2025-01-18T13:00:36
954,user954@example.com,2024-12-06T00:25:00,2024-12-06T00:25:00
955,user955@example.com,2024-03-03T11:32:41,2024-03-03T11:32:41
956,user956@example.com,2025-04-09T12:12:41,2025-04-09T12:12:41
957,user957@example.com,2024-01-31T23:03:31,2024-01-31T23:03:31
958,user958@example.com,2024-12-01T13:35:52,2024-12-01T13:35:52
959,user959@example.com,2024-09-07T08:30:35,2024-09-07T08:30:35
960,user960@example.com,2025-04-13T22:02:16,2025-04-13T22:02:16
961,user961@example.com,2024-07-13T11:11:45,2024-07-13T11:11:45
962,user962@example.com,2024-01-21T02:09:23,2024-01-21T02:09:23
963,user963@example.com,2024-03-11T22:27:23,2024-03-11T22:27:23
964,user964@example.com,2024-06-26T19:27:37,2024-06-26T19:27:37
965,user965@example.com,2025-03-22T18:29:18,2025-03-22T18:29:18
966,user966@example.com,2025-04-01T00:45:52,2025-04-01T00:45:52
967,user967@example.com,2024-01-17T02:43:23,2024-01-17T02:43:23
968,user968@example.com,2024-07-28T08:02:58,2024-07-28T08:02:58
969,user969@example.com,2025-03-23T14:01:20,2025-03-23T14:01:20
970,user970@example.com,2024-02-01T05:58:21,2024-02-01T05:58:21
971,user971@example.com,2024-05-16T01:47:30,2024-05-16T01:47:30
972,user972@example.com,2024-12-31T10:46:15,2024-12-31T10:46:15
973,user973@example.com,2025-02-07T02:11:13,2025-02-07T02:11:13
974,user974@example.com,2025-05-21T01:01:01,2025-05-21T01:01:01
975,user975@example.com,2024-12-09T11:45:12,2024-12-09T11:45:12
976,user976@example.com,2024-08-04T01:12:51,2024-08-04T01:12:51
977,user977@example.com,2024-05-20T23:12:10,2024-05-20T23:12:10
978,user978@example.com,2025-03-30T15:20:06,2025-03-30T15:20:06
979,user979@example.com,2024-12-04T13:29:06,2024-12-04T13:29:06
980,user980@example.com,2025-05-08T01:14:41,2025-05-08T01:14:41
981,user981@example.com,2025-01-16T22:25:59,2025-01-16T22:25:59
982,user982@example.com,2024-03-11T20:52:54,2024-03-11T20:52:54
983,user983@example.com,2024-12-31T01:37:43,2024-12-31T01:37:43
984,user984@example.com,2024-09-27T06:27:51,2024-09-27T06:27:51
985,user985@example.com,2024-11-13T04:09:36,2024-11-13T04:09:36
986,user986@example.com,2024-09-15T21:19:07,2024-09-15T21:19:07
987,user987@example.com,2024-09-06T08:57:34,2024-09-06T08:57:34
988,user988@example.com,2024-03-22T05:52:59,2024-03-22T05:52:59
989,user989@example.com,2024-05-04T21:59:33,2024-05-04T21:59:33
990,user990@example.com,2024-09-13T03:59:09,2024-09-13T03:59:09
991,user991@example.com,2024-11-15T17:37:14,2024-11-15T17:37:14
992,user992@example.com,2025-01-19T20:12:43,2025-01-19T20:12:43
993,user993@example.com,2024-08-11T20:46:08,2024-08-11T20:46:08
994,user994@example.com,2025-05-29T15:27:08,2025-05-29T15:27:08
995,user995@example.com,2024-11-07T00:58:15,2024-11-07T00:58:15
996,user996@example.com,2025-03-03T06:32:38,2025-03-03T06:32:38
997,user997@example.com,2024-01-29T12:05:02,2024-01-29T12:05:02
998,user998@example.com,2024-12-19T06:34:10,2024-12-19T06:34:10
999,user999@example.com,2024-03-09T09:33:12,2024-03-09T09:33:12
1000,user1000@example.com,2024-09-01T07:01:29,2024-09-01T07:01:29
